Refs,Qty,Value,MPN,Manufacturer,Footprint,Description,Group
"C11, C12, C13",3,100nF,GRM155R71H104KE14D,Murata,Capacitor_SMD:C_0402_1005Metric,CM4 +5V0 decoupling,cm4
"C14, C15",2,10uF,GRM188R61A106KE69D,Murata,Capacitor_SMD:C_0603_1608Metric,CM4 +5V0 bulk decoupling,cm4
J1,1,CM4_J1,DF40C-100DS-0.4V(51),Hirose Electric,SKYWARD_Custom:Hirose_DF40C-100DS-0.4V,"100-pos 0.4mm SMD receptacle, CM4 primary connector (low/med-speed IO + power)",cm4
J10,1,DEBUG,PBC06SAAN,Sullins,Connector_PinHeader_2.54mm:PinHeader_1x06_P2.54mm_Vertical,CM4 UART console + boot/reset header,cm4
J2,1,CM4_J2,DF40C-100DS-0.4V(51),Hirose Electric,SKYWARD_Custom:Hirose_DF40C-100DS-0.4V,"100-pos 0.4mm SMD receptacle, CM4 secondary connector (high-speed IO + power)",cm4
R7,1,10k,RC0402FR-0710KL,Yageo,Resistor_SMD:R_0402_1005Metric,nRPIBOOT pull-up,cm4
R8,1,10k,RC0402FR-0710KL,Yageo,Resistor_SMD:R_0402_1005Metric,RUN_PG pull-up,cm4
R9,1,10k,RC0402FR-0710KL,Yageo,Resistor_SMD:R_0402_1005Metric,EEPROM_nWP pull-up (default: boot config write-protected),cm4
SW1,1,nRPIBOOT,B3U-1000P,Omron,Button_Switch_SMD:SW_SPST_B3U-1000P,"Tactile SW, hold to force CM4 USB boot mode",cm4
SW2,1,RUN,B3U-1000P,Omron,Button_Switch_SMD:SW_SPST_B3U-1000P,"Tactile SW, CM4 reset",cm4
C1,1,22uF,GRM32ER71V226KE15L,Murata,Capacitor_SMD:C_1210_3225Metric,Main battery input bulk cap,power
C10,1,10uF,GRM21BR61H106KE43L,Murata,Capacitor_SMD:C_0805_2012Metric,BQ25792 PMID decoupling,power
C16,1,100nF,GRM155R71H104KE14D,Murata,Capacitor_SMD:C_0402_1005Metric,U1 (LM74610) VCAP charge-pump cap,power
C17,1,100nF,GRM155R71H104KE14D,Murata,Capacitor_SMD:C_0402_1005Metric,U2 (LM74610) VCAP charge-pump cap,power
C18,1,10nF,GRM155R71H103KA88D,Murata,Capacitor_SMD:C_0402_1005Metric,5V buck BOOT bootstrap cap,power
C2,1,22uF,GRM32ER71V226KE15L,Murata,Capacitor_SMD:C_1210_3225Metric,Terra P1 input bulk cap,power
C21,1,10uF,GRM21BR61H106KE43L,Murata,Capacitor_SMD:C_0805_2012Metric,"BQ25792 BAT decoupling (at the charger, in addition to C1 at the ORing input)",power
C22,1,100nF,GRM155R71H103KA88D,Murata,Capacitor_SMD:C_0402_1005Metric,"BQ25792 BTST1 bootstrap cap -- HIGHEST-UNCERTAINTY connection on this board, see docs/BQ25792_VERIFICATION.md",power
C3,1,10uF,GRM21BR61H106KE43L,Murata,Capacitor_SMD:C_0805_2012Metric,5V buck input cap,power
C4,1,22uF,GRM21BR61A226ME44L,Murata,Capacitor_SMD:C_0805_2012Metric,5V buck output cap,power
C5,1,1uF,GRM188R61A105KA61D,Murata,Capacitor_SMD:C_0603_1608Metric,3V3 LDO input cap,power
C6,1,1uF,GRM188R61A105KA61D,Murata,Capacitor_SMD:C_0603_1608Metric,3V3 LDO output cap,power
C7,1,10uF,GRM21BR61H106KE43L,Murata,Capacitor_SMD:C_0805_2012Metric,BQ25792 VBUS input cap,power
C8,1,10uF,GRM21BR61H106KE43L,Murata,Capacitor_SMD:C_0805_2012Metric,BQ25792 SYS output cap,power
C9,1,1uF,GRM188R61A105KA61D,Murata,Capacitor_SMD:C_0603_1608Metric,BQ25792 REGN (internal LDO) decoupling,power
D1,1,SMBJ24A,SMBJ24A,Littelfuse,Diode_SMD:D_SMB,"Main battery input TVS clamp, 24V standoff",power
D2,1,SMBJ24A,SMBJ24A,Littelfuse,Diode_SMD:D_SMB,"Terra P1 input TVS clamp, 24V standoff",power
D3,1,SS34,SS34,Onsemi,Diode_SMD:D_SMA,Dock input reverse-polarity protection,power
D4,1,SMBJ24A,SMBJ24A,Littelfuse,Diode_SMD:D_SMB,Dock input TVS clamp,power
D5,1,SS34,SS34,Onsemi,Diode_SMD:D_SMA,"5V buck catch diode (PH->GND, non-synchronous TPS5430 topology)",power
F1,1,3A_PTC,1206L300/16DR,Bourns,Fuse:Fuse_1206_3216Metric,Main battery input resettable PTC fuse,power
F2,1,3A_PTC,1206L300/16DR,Bourns,Fuse:Fuse_1206_3216Metric,Terra P1 input resettable PTC fuse,power
F3,1,1.5A_PTC,1206L150/16DR,Bourns,Fuse:Fuse_1206_3216Metric,Dock charge input PTC fuse,power
F4,1,2A_PTC,1206L200/16DR,Bourns,Fuse:Fuse_1206_3216Metric,Terra TERRA_PWR independent fuse,power
J3,1,BATT_IN,SM02B-GHS-TB,JST,Connector_JST:JST_GH_SM02B-GHS-TB_1x02-1MP_P1.25mm_Horizontal,4S LiHV main battery low-current tap,power
J4,1,DOCK,SM03B-GHS-TB,JST,Connector_JST:JST_GH_SM03B-GHS-TB_1x03-1MP_P1.25mm_Horizontal,"Dock power + presence-detect, wired to skid contacts",power
L1,1,10uH,XAL4020-103MEB,Coilcraft,Inductor_SMD:L_Coilcraft_XAL4020-XXX,5V buck inductor,power
L2,1,2.2uH,XAL4020-222MEB,Coilcraft,Inductor_SMD:L_Coilcraft_XAL4020-XXX,"BQ25792 buck-boost inductor, SW1-SW2",power
Q1,1,DMP2305U-7,DMP2305U-7,Diodes Incorporated,Package_TO_SOT_SMD:SOT-23,"P-MOSFET, main battery ORing pass element",power
Q2,1,DMP2305U-7,DMP2305U-7,Diodes Incorporated,Package_TO_SOT_SMD:SOT-23,"P-MOSFET, Terra P1 ORing pass element",power
Q5,1,DMP2305U-7,DMP2305U-7,Diodes Incorporated,Package_TO_SOT_SMD:SOT-23,"BQ25792 input blocking FET, ACFET1 (back-to-back pair with Q6)",power
Q6,1,DMP2305U-7,DMP2305U-7,Diodes Incorporated,Package_TO_SOT_SMD:SOT-23,"BQ25792 input blocking FET, RBFET1 (back-to-back pair with Q5)",power
R1,1,10.0k,RC0402FR-0710KL,Yageo,Resistor_SMD:R_0402_1005Metric,5V buck FB divider top,power
R16,1,5.6k,RC0402FR-075K6L,Yageo,Resistor_SMD:R_0402_1005Metric,"BQ25792 PROG resistor -- value TBD, confirm against datasheet equation",power
R17,1,10k,RC0402FR-0710KL,Yageo,Resistor_SMD:R_0402_1005Metric,BQ25792 TS bias divider (upper) -- approximates room temp; replace with real NTC divider if the battery pack provides a thermistor lead,power
R18,1,10k,RC0402FR-0710KL,Yageo,Resistor_SMD:R_0402_1005Metric,BQ25792 TS bias divider (lower),power
R19,1,10,RC0402FR-0710RL,Yageo,Resistor_SMD:R_0402_1005Metric,BQ25792 ACDRV1 gate series resistor (Q5/Q6),power
R2,1,3.09k,RC0402FR-073K09L,Yageo,Resistor_SMD:R_0402_1005Metric,5V buck FB divider bottom,power
R20,1,10k,RC0402FR-0710KL,Yageo,Resistor_SMD:R_0402_1005Metric,"BQ25792 QON pull-up (inactive default, no manual power button in Rev A)",power
R21,1,10k,RC0402FR-0710KL,Yageo,Resistor_SMD:R_0402_1005Metric,BQ25792 INT open-drain pull-up,power
R3,1,5.6k,RC0402FR-075K6L,Yageo,Resistor_SMD:R_0402_1005Metric,"BQ25792 ILIM_HIZ set resistor -- value TBD, confirm against datasheet equation",power
R5,1,10k,RC0402FR-0710KL,Yageo,Resistor_SMD:R_0402_1005Metric,GPIO_DOCK_DET pull-up (dock presence detect),power
RSH1,1,10mOhm,WSL1206R0100FEA,Vishay,Resistor_SMD:R_1206_3216Metric,Main battery current shunt,power
RSH2,1,10mOhm,WSL1206R0100FEA,Vishay,Resistor_SMD:R_1206_3216Metric,Terra P1 current shunt,power
RSH3,1,10mOhm,WSL1206R0100FEA,Vishay,Resistor_SMD:R_1206_3216Metric,+5V0 CM4 rail current shunt,power
U1,1,LM74610QDGKRQ1,LM74610QDGKRQ1,Texas Instruments,Package_SO:VSSOP-8_3.0x3.0mm_P0.65mm,"Ideal-diode ORing controller, main battery",power
U2,1,LM74610QDGKRQ1,LM74610QDGKRQ1,Texas Instruments,Package_SO:VSSOP-8_3.0x3.0mm_P0.65mm,"Ideal-diode ORing controller, Terra P1",power
U3,1,BQ25792RQMR,BQ25792RQMR,Texas Instruments,SKYWARD_Custom:QFN-29_L4.0-W4.0-P0.40-BQ25792RQMR,"1-4S I2C buck-boost charger, dock -> main battery",power
U4,1,TPS5430DDA,TPS5430DDA,Texas Instruments,Package_SO:TI_SO-PowerPAD-8_ThermalVias,"3A non-sync buck, 5.5-36V in, adjustable -> set for +5V0",power
U5,1,AP2112K-3.3TRG1,AP2112K-3.3TRG1,Diodes Inc.,Package_TO_SOT_SMD:SOT-23-5,"600mA LDO, +5V0 -> +3V3 (low-noise, GNSS-friendly)",power
U6,1,INA3221AIPW,INA3221AIPW,Texas Instruments,Package_SO:TSSOP-16_4.4x5mm_P0.65mm,"3-ch I2C V/I monitor: main batt, P1 batt, +5V0",power
J5,1,FC,SM06B-GHS-TB,JST,Connector_JST:JST_GH_SM06B-GHS-TB_1x06-1MP_P1.25mm_Horizontal,Flight controller UART/telemetry link,periph
J6,1,GNSS,SM06B-GHS-TB,JST,Connector_JST:JST_GH_SM06B-GHS-TB_1x06-1MP_P1.25mm_Horizontal,BN-220 GNSS UART + PPS,periph
J7,1,ELRS,SM04B-GHS-TB,JST,Connector_JST:JST_GH_SM04B-GHS-TB_1x04-1MP_P1.25mm_Horizontal,ELRS receiver UART,periph
J8,1,TOF,SM05B-SRSS-TB,JST,Connector_JST:JST_SH_SM05B-SRSS-TB_1x05-1MP_P1.00mm_Horizontal,VL53L5CX-SATEL I2C + power,periph
J9,1,TERRA,DF13-22DP-1.25V,Hirose Electric,SKYWARD_Custom:Hirose_DF13-22DP-1.25V,Standardized Terra payload bus,periph
JP1,1,XSHUT_SEL,-,-,Jumper:SolderJumper-3_P1.3mm_Bridged12_Pad1.0x1.5mm,VL53L5CX XSHUT source select: free-run (default) vs CM4 GPIO,periph
LED1,1,STATUS,KP-1608SURCK,Kingbright,LED_SMD:LED_0603_1608Metric,CM4-controlled status LED,periph
R10,1,4.7k,RC0402FR-074K7L,Yageo,Resistor_SMD:R_0402_1005Metric,I2C0 SDA pull-up (VL53L5CX/INA3221/BQ25792 bus),periph
R11,1,4.7k,RC0402FR-074K7L,Yageo,Resistor_SMD:R_0402_1005Metric,I2C0 SCL pull-up,periph
R12,1,4.7k,RC0402FR-074K7L,Yageo,Resistor_SMD:R_0402_1005Metric,I2C1 SDA pull-up (Terra bus),periph
R13,1,4.7k,RC0402FR-074K7L,Yageo,Resistor_SMD:R_0402_1005Metric,I2C1 SCL pull-up,periph
R14,1,10k,RC0402FR-0710KL,Yageo,Resistor_SMD:R_0402_1005Metric,TERRA_PRESENCE_N pull-up,periph
R15,1,10k,RC0402FR-0710KL,Yageo,Resistor_SMD:R_0402_1005Metric,"VL53L5CX XSHUT default pull-up (solder-jumper option, see JP1)",periph
R6,1,330,RC0603FR-07330RL,Yageo,Resistor_SMD:R_0603_1608Metric,Status LED current limit,periph
TP1,1,VBAT_BUS,-,-,TestPoint:TestPoint_Pad_D1.5mm,"Test point, aircraft power bus",tp
TP2,1,+5V0,-,-,TestPoint:TestPoint_Pad_D1.5mm,"Test point, +5V0 rail",tp
TP3,1,+3V3,-,-,TestPoint:TestPoint_Pad_D1.5mm,"Test point, +3V3 rail",tp
TP4,1,GND,-,-,TestPoint:TestPoint_Pad_D1.5mm,"Test point, ground reference",tp
"MH1, MH2, MH3, MH4",4,M2.5,-,-,MountingHole:MountingHole_2.7mm_M2.5,Mounting hole,mech
C19,1,100nF,GRM155R71H104KE14D,Murata,Capacitor_SMD:C_0402_1005Metric,U7 VDD33 (core logic) decoupling,comms
C20,1,1uF,GRM188R61A105KE34D,Murata,Capacitor_SMD:C_0603_1608Metric,U7 VDDA33 (analog) decoupling,comms
C26,1,100nF,GRM155R71H104KE14D,Murata,Capacitor_SMD:C_0402_1005Metric,U8 VBAT_BB HF decoupling,comms
C27,1,22uF,GRM32ER61A226KE20L,Murata,Capacitor_SMD:C_1210_3225Metric,U8 VBAT_BB bulk cap (buffers TX-burst current transient),comms
C28,1,100nF,GRM155R71H104KE14D,Murata,Capacitor_SMD:C_0402_1005Metric,U8 VBAT_RF HF decoupling,comms
C29,1,22uF,GRM32ER61A226KE20L,Murata,Capacitor_SMD:C_1210_3225Metric,U8 VBAT_RF bulk cap,comms
C30,1,100nF,GRM155R71H104KE14D,Murata,Capacitor_SMD:C_0402_1005Metric,U7 RESET_N power-on-reset timing cap (RC to GND),comms
C31,1,18pF,CL05C180JB5NNNC,Samsung,Capacitor_SMD:C_0402_1005Metric,"Y1 load cap 1 (typical value, verify against datasheet)",comms
C32,1,18pF,CL05C180JB5NNNC,Samsung,Capacitor_SMD:C_0402_1005Metric,"Y1 load cap 2 (typical value, verify against datasheet)",comms
C33,1,4.7nF,GRM155R71H472KA01D,Murata,Capacitor_SMD:C_0402_1005Metric,"U7 CRFILT -- typical value, NOT independently verified",comms
C34,1,10nF,GRM155R71H103KA01D,Murata,Capacitor_SMD:C_0402_1005Metric,"U7 PLLFILT -- typical value, NOT independently verified",comms
C35,1,10uF,GRM21BR61H106KE43L,Murata,Capacitor_SMD:C_0805_2012Metric,U9 buck input cap,comms
C36,1,22uF,GRM32ER61A226KE20L,Murata,Capacitor_SMD:C_1210_3225Metric,U9 buck output cap (feeds U8 VBAT rails),comms
C37,1,10nF,GRM155R71H103KA01D,Murata,Capacitor_SMD:C_0402_1005Metric,U9 bootstrap cap,comms
C38,1,100nF,GRM155R71H104KE14D,Murata,Capacitor_SMD:C_0402_1005Metric,U10 VCC decoupling,comms
D7,1,SS34,SS34,Onsemi,Diode_SMD:D_SMA,"U9 catch diode (PH->GND, non-synchronous TPS5430 topology, same reasoning as D5)",comms
J11,1,SIM_TRAY,-,generic,SKYWARD_Custom:SIM_NanoSIM_6Pin_generic,"Nano-SIM card holder, generic push-pull 6-contact -- part number not tied to a specific verified manufacturer this pass, see docs/COMMS_MODULE_DECISION.md",comms
J12,1,ANT_CELLULAR,U.FL-R-SMT-1,Hirose Electric,Connector_Coaxial:U.FL_Hirose_U.FL-R-SMT-1_Vertical,U.FL antenna connector for U8 ANT_MAIN (cellular),comms
J13,1,USB_BOOT,10118194,Amphenol,Connector_USB:USB_Micro-B_Amphenol_10118194_Horizontal,External USB Micro-B: CM4 rpiboot/recovery connection (see docs/PROGRAMMING_DEBUG_GUIDE.md),comms
L3,1,6.8uH,XAL4020-682MEB,Coilcraft,Inductor_SMD:L_Coilcraft_XAL4020-XXX,U9 buck inductor,comms
R24,1,10k,RC0402FR-0710KL,Yageo,Resistor_SMD:R_0402_1005Metric,U8 W_DISABLE# pull-up (radio enabled by default),comms
R25,1,10k,RC0402FR-0710KL,Yageo,Resistor_SMD:R_0402_1005Metric,U7 RESET_N power-on-reset pull-up,comms
R26,1,10k,RC0402FR-0710KL,Yageo,Resistor_SMD:R_0402_1005Metric,"U7 SDA config-strap pull-up (default self-powered config, see docs/COMMS_MODULE_DECISION.md -- exact strap table not independently verified)",comms
R27,1,10k,RC0402FR-0710KL,Yageo,Resistor_SMD:R_0402_1005Metric,U7 SCL config-strap pull-up (same caveat as R26),comms
R28,1,12k,RC0402FR-0712KL,Yageo,Resistor_SMD:R_0402_1005Metric,"U7 RBIAS reference resistor -- typical value for this IC class, NOT independently verified against the real datasheet",comms
R29,1,21.0k,RC0402FR-0721KL,Yageo,Resistor_SMD:R_0402_1005Metric,"U9 feedback divider top (sets ~3.8V, Vref 1.221V per TPS5430 datasheet)",comms
R30,1,10.0k,RC0402FR-0710KL,Yageo,Resistor_SMD:R_0402_1005Metric,U9 feedback divider bottom,comms
U10,1,FSUSB42MUX,FSUSB42MUX,onsemi,Package_SO:MSOP-10_3x3mm_P0.5mm,"USB2.0 SPDT switch: CM4 OTG <-> {U7 hub | J13 boot connector}, selected by nRPIBOOT",comms
U7,1,USB2512B-AEZG-TR,USB2512B-AEZG-TR,Microchip,Package_DFN_QFN:QFN-36-1EP_6x6mm_P0.5mm_EP3.7x3.7mm,2-port USB2.0 Hi-Speed hub: CM4 USB2 (upstream) -> Terra (down1) + U8 EC25 modem (down2),comms
U8,1,EC25VFA-512-STD,EC25VFA-512-STD,Quectel,SKYWARD_Custom:LCC-132_EC25_verified,"LTE Cat 4 modem, high-bandwidth data link (video/telemetry/mission data). USB2 host interface. See docs/COMMS_MODULE_DECISION.md for full selection rationale.",comms
U9,1,TPS5430DDA,TPS5430DDA,Texas Instruments,Package_SO:TI_SO-PowerPAD-8_ThermalVias,"3A non-sync buck, VBAT_BUS -> ~3.8V dedicated modem supply (same verified part/topology as U4)",comms
Y1,1,24MHz,ABM8-24.000MHZ-B2-T,Abracon,Crystal:Crystal_SMD_3225-4Pin_3.2x2.5mm,U7 USB PHY reference crystal -- 24MHz is typical for this hub IC class; exact frequency requirement not independently verified against the real datasheet this pass,comms
